Label,# Samples,Average,Median,90% Line,95% Line,99% Line,Min,Max,Error %,Throughput,Received KB/sec,Sent KB/sec
Light Load:Main Page,10,101,97,110,110,113,92,113,0.00%,0.36881,0.38,0.07
Light Load:Main JS Bundle,10,63,59,69,69,87,56,87,0.00%,0.36885,17.88,0.08
Light Load:Main CSS Bundle,10,62,61,69,69,69,55,69,0.00%,0.36877,17.88,0.08
Light Load:Login,10,51329,54533,70620,70620,86500,7755,86500,0.00%,0.08806,0.14,0.02
Light Load:My Bookings,10,15943,16342,21053,21053,23065,2687,64287,0.00%,0.06729,0.31,0.03
Light Load:Approved Events,10,8936,10691,15591,15591,21339,239,41602,0.00%,0.07226,0.31,0.03
TOTAL,60,13564,113,57014,63602,70620,55,86500,0.00%,0.42376,7.64,0.11
