Label,# Samples,Average,Min,Max,Std. Dev.,Error %,Throughput,Received KB/sec,Sent KB/sec,Avg. Bytes
Light Load:Main Page,10,101,92,113,6.48,0.00%,0.36881,0.38,0.07,1061.6
Light Load:Main JS Bundle,10,63,56,87,8.65,0.00%,0.36885,17.88,0.08,56646.5
Light Load:Main CSS Bundle,10,62,55,69,5.36,0.00%,0.36877,17.88,0.08,49646.5
Light Load:Login,10,51329,7755,86500,21268.23,0.00%,0.08806,0.14,0.02,1615
Light Load:My Bookings,10,14373,2687,64287,20535.64,0.00%,0.06125,0.31,0.03,4919
Light Load:Approved Events,10,9457,477,43602,16122.41,0.00%,0.06948,0.33,0.03,4419
TOTAL,60,13564,55,86500,23410.17,0.00%,0.42376,7.64,0.11,18467.9
